id,name,type
1,Node1,GenericNode
2,Node2,GenericNode
3,Node3,GenericNode
4,Node4,GenericNode
5,Node5,GenericNode
6,Node6,GenericNode
7,Node7,GenericNode
8,Node8,GenericNode
9,Node9,GenericNode
10,Node10,GenericNode
11,Node11,GenericNode
12,Node12,GenericNode
13,Node13,GenericNode
14,Node14,GenericNode
15,Node15,GenericNode
16,Node16,GenericNode
17,Node17,GenericNode
18,Node18,GenericNode
19,Node19,GenericNode
20,Node20,GenericNode
21,Node21,GenericNode
22,Node22,GenericNode
23,Node23,GenericNode
24,Node24,GenericNode
25,Node25,GenericNode
26,Node26,GenericNode
27,Node27,GenericNode
28,Node28,GenericNode
29,Node29,GenericNode
30,Node30,GenericNode
31,Node31,GenericNode
32,Node32,GenericNode
33,Node33,GenericNode
34,Node34,GenericNode
35,Node35,GenericNode
36,Node36,GenericNode
37,Node37,GenericNode
38,Node38,GenericNode
39,Node39,GenericNode
40,Node40,GenericNode
41,Node41,GenericNode
42,Node42,GenericNode
43,Node43,GenericNode
44,Node44,GenericNode
45,Node45,GenericNode
46,Node46,GenericNode
47,Node47,GenericNode
48,Node48,GenericNode
49,Node49,GenericNode
50,Node50,GenericNode
51,Node51,GenericNode
52,Node52,GenericNode
53,Node53,GenericNode
54,Node54,GenericNode
55,Node55,GenericNode
56,Node56,GenericNode
57,Node57,GenericNode
58,Node58,GenericNode
59,Node59,GenericNode
60,Node60,GenericNode
61,Node61,GenericNode
62,Node62,GenericNode
63,Node63,GenericNode
64,Node64,GenericNode
65,Node65,GenericNode
66,Node66,GenericNode
67,Node67,GenericNode
68,Node68,GenericNode
69,Node69,GenericNode
70,Node70,GenericNode
71,Node71,GenericNode
72,Node72,GenericNode
73,Node73,GenericNode
74,Node74,GenericNode
75,Node75,GenericNode
76,Node76,GenericNode
77,Node77,GenericNode
78,Node78,GenericNode
79,Node79,GenericNode
80,Node80,GenericNode
81,Node81,GenericNode
82,Node82,GenericNode
83,Node83,GenericNode
84,Node84,GenericNode
85,Node85,GenericNode
86,Node86,GenericNode
87,Node87,GenericNode
88,Node88,GenericNode
89,Node89,GenericNode
90,Node90,GenericNode
91,Node91,GenericNode
92,Node92,GenericNode
93,Node93,GenericNode
94,Node94,GenericNode
95,Node95,GenericNode
96,Node96,GenericNode
97,Node97,GenericNode
98,Node98,GenericNode
99,Node99,GenericNode
100,Node100,GenericNode
101,Node101,GenericNode
102,Node102,GenericNode
103,Node103,GenericNode
104,Node104,GenericNode
105,Node105,GenericNode
106,Node106,GenericNode
107,Node107,GenericNode
108,Node108,GenericNode
109,Node109,GenericNode
110,Node110,GenericNode
111,Node111,GenericNode
112,Node112,GenericNode
113,Node113,GenericNode
114,Node114,GenericNode
115,Node115,GenericNode
116,Node116,GenericNode
117,Node117,GenericNode
118,Node118,GenericNode
119,Node119,GenericNode
120,Node120,GenericNode
121,Node121,GenericNode
122,Node122,GenericNode
123,Node123,GenericNode
124,Node124,GenericNode
125,Node125,GenericNode
126,Node126,GenericNode
127,Node127,GenericNode
128,Node128,GenericNode
129,Node129,GenericNode
130,Node130,GenericNode
131,Node131,GenericNode
132,Node132,GenericNode
133,Node133,GenericNode
134,Node134,GenericNode
135,Node135,GenericNode
136,Node136,GenericNode
137,Node137,GenericNode
138,Node138,GenericNode
139,Node139,GenericNode
140,Node140,GenericNode
141,Node141,GenericNode
142,Node142,GenericNode
143,Node143,GenericNode
144,Node144,GenericNode
145,Node145,GenericNode
146,Node146,GenericNode
147,Node147,GenericNode
148,Node148,GenericNode
149,Node149,GenericNode
150,Node150,GenericNode
151,Node151,GenericNode
152,Node152,GenericNode
153,Node153,GenericNode
154,Node154,GenericNode
155,Node155,GenericNode
156,Node156,GenericNode
157,Node157,GenericNode
158,Node158,GenericNode
159,Node159,GenericNode
160,Node160,GenericNode
161,Node161,GenericNode
162,Node162,GenericNode
163,Node163,GenericNode
164,Node164,GenericNode
165,Node165,GenericNode
166,Node166,GenericNode
167,Node167,GenericNode
168,Node168,GenericNode
169,Node169,GenericNode
170,Node170,GenericNode
171,Node171,GenericNode
172,Node172,GenericNode
173,Node173,GenericNode
174,Node174,GenericNode
175,Node175,GenericNode
176,Node176,GenericNode
177,Node177,GenericNode
178,Node178,GenericNode
179,Node179,GenericNode
180,Node180,GenericNode
181,Node181,GenericNode
182,Node182,GenericNode
183,Node183,GenericNode
184,Node184,GenericNode
185,Node185,GenericNode
186,Node186,GenericNode
187,Node187,GenericNode
188,Node188,GenericNode
189,Node189,GenericNode
190,Node190,GenericNode
191,Node191,GenericNode
192,Node192,GenericNode
193,Node193,GenericNode
194,Node194,GenericNode
195,Node195,GenericNode
196,Node196,GenericNode
197,Node197,GenericNode
198,Node198,GenericNode
199,Node199,GenericNode
200,Node200,GenericNode
201,Node201,GenericNode
202,Node202,GenericNode
203,Node203,GenericNode
204,Node204,GenericNode
205,Node205,GenericNode
206,Node206,GenericNode
207,Node207,GenericNode
208,Node208,GenericNode
209,Node209,GenericNode
210,Node210,GenericNode
211,Node211,GenericNode
212,Node212,GenericNode
213,Node213,GenericNode
214,Node214,GenericNode
215,Node215,GenericNode
216,Node216,GenericNode
217,Node217,GenericNode
218,Node218,GenericNode
219,Node219,GenericNode
220,Node220,GenericNode
221,Node221,GenericNode
222,Node222,GenericNode
223,Node223,GenericNode
224,Node224,GenericNode
225,Node225,GenericNode
226,Node226,GenericNode
227,Node227,GenericNode
228,Node228,GenericNode
229,Node229,GenericNode
230,Node230,GenericNode
231,Node231,GenericNode
232,Node232,GenericNode
233,Node233,GenericNode
234,Node234,GenericNode
235,Node235,GenericNode
236,Node236,GenericNode
237,Node237,GenericNode
238,Node238,GenericNode
239,Node239,GenericNode
240,Node240,GenericNode
241,Node241,GenericNode
242,Node242,GenericNode
243,Node243,GenericNode
244,Node244,GenericNode
245,Node245,GenericNode
246,Node246,GenericNode
247,Node247,GenericNode
248,Node248,GenericNode
249,Node249,GenericNode
250,Node250,GenericNode
251,Node251,GenericNode
252,Node252,GenericNode
253,Node253,GenericNode
254,Node254,GenericNode
255,Node255,GenericNode
256,Node256,GenericNode
257,Node257,GenericNode
258,Node258,GenericNode
259,Node259,GenericNode
260,Node260,GenericNode
261,Node261,GenericNode
262,Node262,GenericNode
263,Node263,GenericNode
264,Node264,GenericNode
265,Node265,GenericNode
266,Node266,GenericNode
267,Node267,GenericNode
268,Node268,GenericNode
269,Node269,GenericNode
270,Node270,GenericNode
271,Node271,GenericNode
272,Node272,GenericNode
273,Node273,GenericNode
274,Node274,GenericNode
275,Node275,GenericNode
276,Node276,GenericNode
277,Node277,GenericNode
278,Node278,GenericNode
279,Node279,GenericNode
280,Node280,GenericNode
281,Node281,GenericNode
282,Node282,GenericNode
283,Node283,GenericNode
284,Node284,GenericNode
285,Node285,GenericNode
286,Node286,GenericNode
287,Node287,GenericNode
288,Node288,GenericNode
289,Node289,GenericNode
290,Node290,GenericNode
291,Node291,GenericNode
292,Node292,GenericNode
293,Node293,GenericNode
294,Node294,GenericNode
295,Node295,GenericNode
296,Node296,GenericNode
297,Node297,GenericNode
298,Node298,GenericNode
299,Node299,GenericNode
300,Node300,GenericNode
